trung,7500
ruoungon,30000
bohuc,15000
gautrang,15000
bohuc,15000
gautrang,15000
coca,10000
nuocloc,5000
nuocbeo,0
gia,0
itbanh,0
nhieubanh,0
ithanh,0
nhieuhanh,0
khonghang,0
khongmichinh,0
dauphu,5000
dauphu10,10000
longtrang5,5000
longtrang10,10000
quay,5000
quay10,10000
quay15,15000
quay20,20000
ruou,5000
ruou10,10000
muoitai,20000
muoinam,20000
muoigau,20000
muoicuongtim,20000
muoitimcat,20000
muoibap,20000
muoisotvang,20000
muoimoc,20000
muoigan,20000
thapcam,35000
tai,30000
nam,35000
gau,40000
bap,40000
moc,30000
timcat,30000
sotvang,30000
cuongtim,40000
taigan,30000
namgan,30000
gaugan,35000
bapgan,35000
mocgan,30000
timcatgan,30000
sotvanggan,30000
cuongtimgan,35000
tainam,35000
taigau,35000
taibap,35000
taimoc,30000
namgau,35000
nambap,40000
nammoc,35000
gaubap,40000
gaumoc,35000
bapmoc,35000
taitimcat,30000
namtimcat,30000
gautimcat,35000
timcatbap,35000
timcatmoc,30000
taisotvang,30000
namsotvang,30000
gausotvang,35000
bapsotvang,35000
sotvangmoc,30000
taicuongtim,35000
namcuongtim,35000
gaucuongtim,40000
cuongtimbap,40000
cuongtimmoc,30000
timcatsotvang,30000
cuongtimtimcat,35000
cuongtimsotvang,35000
tainamgan,30000
taigaugan,35000
taibapgan,35000
taimocgan,30000
namgaugan,35000
nambapgan,35000
nammocgan,30000
gaubapgan,40000
gaumocgan,35000
bapmocgan,35000
taitimcatgan,30000
namtimcatgan,30000
gautimcatgan,35000
timcatbapgan,35000
timcatmocgan,30000
taisotvanggan,35000
namsotvanggan,35000
gausotvanggan,30000
bapsotvanggan,35000
sotvangmocgan,30000
taicuongtimgan,35000
namcuongtimgan,35000
gaucuongtimgan,40000
cuongtimbapgan,35000
cuongtimmocgan,35000
timcatsotvanggan,30000
cuongtimtimcatgan,35000
cuongtimsotvanggan,30000
tainamgau,35000
tainambap,35000
tainammoc,30000
taigaubap,40000
taigaumoc,35000
taibapmoc,35000
namgaubap,40000
namgaumoc,35000
nambapmoc,35000
gaubapmoc,40000
tainamtimcat,30000
taigautimcat,35000
taitimcatbap,35000
taitimcatmoc,30000
namgautimcat,35000
namtimcatbap,35000
namtimcatmoc,30000
gautimcatbap,40000
gautimcatmoc,30000
timcatbapmoc,35000
tainamsotvang,35000
taigausotvang,35000
taibapsotvang,35000
taisotvangmoc,35000
namgausotvang,35000
nambapsotvang,35000
namsotvangmoc,35000
gaubapsotvang,40000
gausotvangmoc,35000
bapsotvangmoc,35000
tainamcuongtim,35000
taigaucuongtim,40000
taicuongtimbap,40000
taicuongtimmoc,45000
namgaucuongtim,35000
namcuongtimbap,40000
namcuongtimmoc,35000
gaucuongtimbap,35000
gaucuongtimmoc,35000
cuongtimbapmoc,40000
taitimcatsotvang,30000
namtimcatsotvang,30000
gautimcatsotvang,35000
timcatbapsotvang,35000
timcatsotvangmoc,30000
taicuongtimtimcat,35000
namcuongtimtimcat,35000
gaucuongtimtimcat,40000
cuongtimtimcatbap,40000
cuongtimtimcatmoc,40000
taicuongtimsotvang,40000
namcuongtimsotvang,35000
gaucuongtimsotvang,40000
cuongtimbapsotvang,40000
cuongtimsotvangmoc,35000
cuongtimtimcatsotvang,35000
tainamgaugan,40000
tainambapgan,40000
tainammocgan,35000
namgaubapgan,40000
namgaumocgan,35000
tainamtimcatgan,35000
namgautimcatgan,35000
timcatbapmocgan,35000
tainamsotvanggan,35000
namgausotvanggan,35000
bapsotvangmocgan,40000
tainamcuongtimgan,35000
namgaucuongtimgan,35000
gaucuongtimbapgan,40000
gaucuongtimmocgan,40000
timcatbapsotvanggan,40000
gaucuongtimtimcatgan,40000
cuongtimtimcatbapgan,40000
cuongtimtimcatmocgan,40000
gaucuongtimsotvanggan,40000
cuongtimtimcatsotvanggan,40000
tainamgaubap,40000
tainamgaumoc,35000
tainambapmoc,35000
namgaubapmoc,40000
tainamgautimcat,40000
tainamtimcatbap,40000
tainamtimcatmoc,35000
namgautimcatbap,40000
namgautimcatmoc,35000
tainamgausotvang,40000
tainambapsotvang,40000
tainamsotvangmoc,35000
namgaubapsotvang,40000
namgausotvangmoc,35000
tainamgaucuongtim,40000
tainamcuongtimbap,40000
tainamcuongtimmoc,35000
namgaucuongtimbap,40000
namgaucuongtimmoc,35000
gaucuongtimbapmoc,40000
tainamtimcatsotvang,40000
namgautimcatsotvang,35000
timcatbapsotvangmoc,40000
tainamcuongtimtimcat,40000
namgaucuongtimtimcat,35000
gaucuongtimtimcatbap,40000
gaucuongtimtimcatmoc,40000
cuongtimtimcatbapmoc,40000
tainamcuongtimsotvang,40000
namgaucuongtimsotvang,40000
gaucuongtimbapsotvang,40000
gaucuongtimsotvangmoc,40000
gaucuongtimtimcatsotvang,40000
cuongtimtimcatbapsotvang,40000
cuongtimtimcatsotvangmoc,40000
